date,DOV,DPZ,EBAY,FTNT,GIS,L,LDOS,MDLZ,QCOM,RJF,SEE,SHW,SLB,UDR,WELL,XOM
2022-04-04,157.93,403.79,56.73,346.69,68.49,63.86,107.23,63.04,153.81,107.86,67.66,259.04,41.55,58.06,97.67,83.16
2022-04-05,153.92,391.17,56.4,341.89,69.16,63.3,107.2,63.01,145.46,108.72,66.51,257.97,40.46,58.16,95.69,82.73
2022-04-06,154.75,391.1,54.11,332.07,69.73,63.36,107.48,63.2,139.28,106.89,66.52,262.63,40.78,59.57,97.06,83.65
2022-04-07,154.43,397.4,54.38,338.12,69.75,63.56,108.07,62.89,139.22,106.54,66.9,263.83,40.97,59.12,96.29,85.05
2022-04-08,150.88,394.79,55.03,336.17,70.17,64.43,107.99,63.4,136.69,108.62,68.69,263.76,42.55,58.74,96.98,86.84
2022-04-11,149.23,387.92,54.89,328.07,70.51,64.66,108.17,63.41,135.36,108.1,67.68,261.1,41.33,57.5,96.37,83.85
2022-04-12,147.87,388.57,54.24,330.1,70.43,64.51,108.3,63.67,136.09,108.18,67.0,256.95,41.53,57.66,96.56,85.6
2022-04-13,149.41,392.16,55.12,340.86,70.68,64.76,108.73,63.85,140.5,111.64,67.3,258.4,42.57,57.7,96.9,86.81
2022-04-14,146.39,387.24,54.15,331.76,70.92,65.15,109.06,63.72,136.91,111.8,67.42,252.9,43.25,57.58,96.03,87.83
2022-04-18,146.62,379.49,54.56,330.42,70.84,65.5,109.26,63.57,139.32,110.92,66.08,246.17,43.68,57.13,96.49,88.55
2022-04-19,151.68,394.08,55.17,335.19,71.72,65.68,109.61,65.21,141.05,113.05,67.7,252.25,43.43,58.0,96.78,87.76
2022-04-20,155.52,396.49,54.86,340.58,72.83,67.36,109.87,65.73,140.34,113.79,69.13,253.09,42.68,59.06,97.51,87.96
2022-04-21,144.16,391.0,54.77,321.26,73.19,66.66,109.78,65.84,136.11,109.76,68.18,251.61,40.65,59.45,97.3,87.03
2022-04-22,143.0,378.83,53.17,304.29,72.5,64.71,108.25,65.06,132.81,103.52,65.37,244.92,41.65,58.25,94.94,85.13
2022-04-25,142.24,378.16,53.63,323.49,72.2,64.68,107.17,65.78,136.56,103.97,65.37,248.02,38.69,57.8,95.56,82.26
2022-04-26,139.05,369.73,53.1,306.5,71.03,63.44,106.63,64.04,133.5,100.03,64.32,271.37,39.54,56.82,95.26,82.29
2022-04-27,137.99,372.91,52.06,300.38,71.36,64.11,106.24,64.05,135.1,100.42,65.11,279.38,39.95,55.96,93.24,84.64
2022-04-28,139.49,353.88,53.77,308.65,72.27,64.58,105.03,66.22,148.19,104.04,66.12,281.31,40.11,56.18,94.44,87.2
2022-04-29,133.3,338.0,51.92,289.01,70.73,62.84,103.51,64.48,139.69,97.46,64.21,274.96,39.01,53.21,90.81,85.25
2022-05-02,134.37,351.12,53.15,292.02,69.48,61.57,103.51,63.79,145.27,98.43,64.35,268.78,39.11,51.76,90.12,86.41
2022-05-03,136.04,343.84,53.46,286.53,69.65,62.79,102.52,64.69,144.26,100.35,65.57,269.37,40.15,51.83,90.69,88.19
2022-05-04,138.24,353.2,54.42,287.37,70.81,64.85,104.78,66.19,149.05,103.23,68.48,282.53,42.6,52.06,90.22,91.7
2022-05-05,135.23,341.69,48.04,284.52,70.75,63.76,104.06,65.23,141.64,99.27,64.8,276.95,42.08,50.61,89.97,90.31
2022-05-06,133.01,341.79,48.81,266.37,71.4,64.44,103.21,65.73,140.58,97.22,65.6,273.38,43.03,50.05,88.43,91.69
2022-05-09,132.1,333.6,49.26,245.22,73.5,63.08,99.38,66.28,134.92,93.63,64.21,276.97,38.04,47.69,87.06,84.46
2022-05-10,129.95,335.72,48.59,261.79,71.74,62.73,101.23,65.92,136.81,93.74,63.18,266.37,37.89,46.54,85.8,85.02
2022-05-11,130.08,325.13,46.58,260.96,71.8,62.38,101.21,65.56,132.3,92.95,62.85,264.67,38.37,47.44,86.99,86.79
2022-05-12,131.35,327.85,46.16,266.66,72.21,61.94,100.57,65.68,131.77,92.0,63.13,274.54,39.03,47.94,87.08,86.3
2022-05-13,132.83,340.94,46.65,281.55,73.1,63.15,101.64,66.38,134.93,94.99,62.4,273.33,40.74,48.78,88.37,88.86
2022-05-16,133.37,336.45,45.09,275.41,73.46,63.1,103.2,66.13,133.91,94.15,62.43,271.37,42.14,48.22,88.85,90.95
2022-05-17,135.9,336.46,46.92,282.81,72.91,64.8,104.4,65.72,139.69,96.92,64.63,269.26,42.95,48.56,89.66,92.11
2022-05-18,129.39,328.02,44.94,270.56,67.57,63.46,101.69,60.96,130.45,91.99,61.03,259.66,41.13,46.74,88.22,90.65
2022-05-19,129.54,336.43,44.62,275.16,66.13,62.94,101.52,61.1,130.57,91.54,59.81,259.37,40.85,46.28,87.52,91.14
2022-05-20,130.78,341.69,44.31,285.28,67.01,62.79,100.6,61.19,131.6,91.77,59.89,257.95,41.12,46.58,88.11,91.86
2022-05-23,130.8,343.01,45.19,286.37,67.48,64.1,101.85,62.04,132.12,94.19,60.95,259.27,43.81,47.79,87.71,93.89
2022-05-24,130.85,342.17,44.18,285.84,69.14,63.93,101.97,63.0,128.53,93.12,61.16,257.65,43.9,47.8,88.42,94.4
2022-05-25,129.76,352.57,44.81,287.32,69.26,64.2,102.39,62.37,131.23,93.1,61.15,265.12,45.05,47.66,88.95,96.3
2022-05-26,133.06,355.61,46.47,294.3,69.46,64.78,103.63,62.5,134.84,96.13,62.8,271.97,46.69,47.59,88.58,96.64
2022-05-27,134.55,365.91,48.82,297.87,69.89,65.93,105.36,63.76,139.76,99.19,63.78,276.35,48.21,48.59,90.17,97.59
2022-05-31,133.91,363.17,48.67,294.14,69.85,65.49,104.5,63.56,143.22,98.49,62.18,268.04,45.96,47.8,89.09,96.0
2022-06-01,132.78,360.85,46.97,289.06,69.12,64.75,104.74,62.91,140.02,97.74,62.25,265.26,46.68,47.92,88.16,97.84
2022-06-02,135.53,372.87,47.77,303.22,68.68,65.37,105.65,63.04,146.2,98.36,63.67,269.49,46.3,48.0,88.87,97.67
2022-06-03,133.43,368.12,47.09,296.76,68.39,64.74,105.78,62.41,141.21,95.97,62.79,268.88,47.47,47.8,88.0,99.09
2022-06-06,133.19,377.27,47.67,296.97,68.77,64.49,105.92,62.45,140.44,97.36,63.59,275.03,47.22,46.41,87.14,98.84
2022-06-07,136.12,385.28,47.51,305.38,69.16,64.85,107.07,63.24,141.89,98.65,63.95,277.23,48.93,47.31,89.3,103.37
2022-06-08,134.62,384.0,47.68,300.53,68.9,63.41,103.91,62.62,138.96,96.49,61.94,268.08,49.57,46.35,85.98,104.59
2022-06-09,132.71,385.44,46.69,303.5,67.93,61.57,102.83,61.23,136.71,93.59,61.09,261.99,48.14,45.21,83.23,102.33
2022-06-10,128.41,380.5,44.28,288.31,68.38,60.34,100.72,60.8,133.2,89.35,59.92,247.42,47.21,44.76,82.07,100.46
2022-06-13,123.96,380.63,42.92,266.49,67.06,58.31,99.4,59.2,128.66,85.45,58.07,237.86,44.32,42.41,77.85,95.85
2022-06-14,123.0,377.13,42.58,269.23,66.45,58.54,97.91,58.47,130.26,86.78,58.58,229.48,43.22,42.32,77.45,96.1
2022-06-15,124.06,385.42,43.51,277.52,66.34,58.91,98.79,59.04,131.03,87.98,58.89,228.99,41.52,42.94,78.45,94.89
2022-06-16,119.82,379.55,41.08,263.73,66.75,56.9,95.36,58.61,120.82,86.49,56.67,218.95,38.48,42.77,77.7,91.39
2022-06-17,117.29,379.17,42.21,268.99,66.23,57.54,94.15,58.8,120.99,87.5,56.24,222.79,36.64,43.53,77.65,86.12
2022-06-21,119.22,386.36,42.29,281.01,67.85,58.49,96.9,59.82,124.39,90.01,57.4,220.15,38.82,44.1,78.68,91.48
2022-06-22,119.42,389.76,43.13,278.44,67.9,58.41,97.44,60.28,122.16,88.67,57.44,221.2,37.52,44.48,79.77,87.86
2022-06-23,118.58,398.13,42.97,56.8,68.98,58.02,97.54,61.04,120.09,87.81,57.73,224.89,34.98,45.7,81.71,85.21
2022-06-24,123.22,396.54,45.72,59.13,70.63,59.77,101.57,62.65,125.13,92.5,59.65,231.25,35.06,46.15,83.36,86.9
2022-06-27,123.07,397.58,44.38,58.85,71.04,59.79,101.69,62.63,127.18,92.59,59.47,227.16,35.89,46.68,83.17,89.03
2022-06-28,121.78,390.71,42.65,57.29,70.26,59.53,99.26,61.72,131.6,91.84,58.31,223.31,36.97,46.25,82.88,91.5
2022-06-29,121.26,389.04,42.67,57.17,74.72,59.04,99.35,62.05,130.23,90.23,58.41,225.41,36.18,46.29,83.23,88.12
2022-06-30,121.32,389.71,41.67,56.58,75.45,59.26,100.71,62.09,127.74,89.41,57.72,223.91,35.76,46.04,82.35,85.64
2022-07-01,122.41,403.61,42.89,57.37,75.79,60.15,102.45,63.34,123.53,89.09,59.1,235.23,35.65,46.46,83.21,87.55
2022-07-05,121.77,396.8,43.93,59.0,75.15,58.48,99.58,62.48,125.83,90.69,57.74,242.23,33.33,45.81,82.36,84.81
2022-07-06,122.08,397.57,43.72,59.87,76.22,58.53,101.28,62.41,127.06,89.56,58.43,242.74,32.73,45.82,81.67,83.28
2022-07-07,123.61,405.54,43.82,61.62,75.51,58.63,101.52,62.37,134.4,90.73,57.67,239.49,34.38,45.64,81.72,85.94
2022-07-08,121.78,401.35,43.14,62.7,75.54,57.93,101.63,62.44,136.01,90.68,56.29,238.29,34.32,44.81,82.11,86.08
2022-07-11,121.33,397.25,42.83,62.28,75.76,57.95,101.2,62.28,132.24,89.94,56.72,241.96,33.37,44.53,82.11,85.64
2022-07-12,120.77,391.49,43.2,59.62,75.92,57.73,99.81,62.56,132.95,89.66,56.49,246.56,32.73,44.83,82.44,84.5
2022-07-13,119.72,401.37,42.49,58.91,76.43,57.28,98.99,61.97,135.64,89.26,56.32,245.72,32.29,44.38,81.91,84.84
2022-07-14,117.93,399.15,42.03,57.64,74.7,55.61,98.21,60.88,141.9,87.3,56.27,244.44,31.33,44.02,80.1,83.14
2022-07-15,120.53,406.6,43.61,60.22,74.92,56.45,98.69,60.74,144.37,90.18,56.62,245.57,32.3,44.63,81.22,84.54
2022-07-18,119.98,406.81,43.59,58.0,73.95,56.24,97.88,60.06,141.69,89.58,55.83,243.25,33.13,44.6,80.79,86.1
2022-07-19,124.91,410.24,45.38,59.2,74.37,57.73,100.15,61.42,147.37,93.72,57.75,247.48,34.22,45.43,82.13,88.27
2022-07-20,125.7,410.86,46.19,59.64,73.4,57.7,100.03,61.45,151.71,95.49,57.64,249.53,34.14,45.42,81.39,89.24
2022-07-21,127.44,405.64,46.65,61.86,73.1,57.4,100.89,61.35,155.86,96.45,59.44,256.59,33.63,45.69,81.33,87.75
2022-07-22,128.64,399.27,46.68,61.23,73.63,57.05,101.45,61.99,153.7,95.73,59.11,259.01,35.07,46.17,82.83,87.08
2022-07-25,126.67,387.99,46.56,61.0,74.25,57.82,102.95,62.76,153.25,96.94,58.99,259.01,36.17,46.06,84.12,89.98
2022-07-26,127.23,386.75,45.66,56.26,74.41,57.87,103.51,62.94,149.97,94.25,59.24,254.29,35.6,46.15,84.92,89.63
2022-07-27,130.1,392.99,47.18,57.93,73.82,58.01,103.25,63.63,153.42,95.87,60.37,231.97,36.33,46.5,84.53,91.57
2022-07-28,131.8,389.82,48.21,59.4,74.6,57.74,105.87,64.2,146.45,95.38,60.88,243.04,35.71,48.26,85.98,92.64
2022-07-29,133.68,392.11,48.63,59.65,74.79,58.25,107.0,64.04,145.06,98.47,61.12,241.94,37.03,48.4,86.34,96.93
2022-08-01,132.28,390.12,48.94,60.06,75.7,55.65,105.15,64.89,147.43,98.66,61.53,243.09,36.4,47.23,85.98,94.48
2022-08-02,131.13,391.07,48.43,60.37,75.68,55.34,100.48,64.76,147.03,98.01,56.17,243.61,36.69,46.35,83.67,94.07
2022-08-03,133.17,390.91,50.48,62.88,75.6,55.34,99.94,65.13,149.16,100.11,56.45,239.32,35.54,46.17,82.41,91.02
2022-08-04,132.46,391.34,47.87,52.61,75.52,54.38,99.31,64.25,151.01,100.33,56.43,243.09,33.95,46.66,81.0,87.19
2022-08-05,134.03,387.93,47.28,53.39,76.17,55.12,100.55,63.77,150.21,102.3,55.47,237.08,34.66,46.76,80.68,88.45
2022-08-08,134.5,394.89,47.61,53.32,76.36,55.37,98.35,63.94,147.81,101.96,57.12,240.49,34.65,47.11,81.6,88.95
2022-08-09,131.85,392.56,48.0,52.19,77.03,56.06,98.12,63.93,142.51,103.64,56.42,232.36,34.99,47.99,82.66,90.59
2022-08-10,135.83,405.75,48.5,53.89,77.58,56.99,98.64,64.47,146.99,106.06,57.53,243.74,34.92,49.18,83.31,91.45
2022-08-11,136.48,404.13,48.57,52.52,76.96,57.51,98.16,64.29,147.83,107.44,57.4,243.99,36.89,49.19,81.23,93.19
2022-08-12,139.48,412.24,49.44,54.29,77.0,58.71,100.06,64.2,151.29,109.34,58.66,251.61,37.14,50.13,82.69,94.0
2022-08-15,140.28,410.86,48.68,54.08,76.64,58.48,100.97,65.18,152.13,110.02,58.95,257.34,35.76,50.03,81.69,92.32
2022-08-16,141.33,410.93,49.5,52.94,77.44,58.8,101.22,65.96,150.03,110.83,59.29,256.27,35.58,50.39,80.66,91.46
2022-08-17,139.09,411.99,48.57,51.93,77.14,58.47,101.15,65.51,148.53,110.8,58.36,251.47,35.4,50.3,81.57,92.2
2022-08-18,140.45,416.95,48.54,52.27,77.5,58.95,101.59,65.55,151.38,110.98,58.61,248.97,37.13,49.41,80.0,94.38
2022-08-19,137.87,405.2,47.07,51.29,77.97,58.24,102.58,65.36,147.6,108.89,57.44,244.58,37.12,48.83,79.58,94.08
2022-08-22,133.84,401.21,45.39,50.32,77.5,56.96,100.63,64.51,141.61,106.1,56.26,241.44,36.92,47.74,79.14,94.01
2022-08-23,133.14,392.46,45.43,50.59,77.87,57.0,100.25,63.72,140.72,106.5,56.27,238.08,39.36,46.65,77.15,98.0
2022-08-24,132.98,396.96,45.53,50.16,78.45,57.19,99.58,64.6,141.31,107.16,56.71,239.53,39.91,47.2,77.51,98.58
2022-08-25,134.97,406.97,46.59,50.87,77.9,57.95,99.74,64.46,146.25,108.71,57.72,244.53,40.17,47.68,78.84,99.09
2022-08-26,127.99,390.28,44.53,49.57,76.32,56.8,97.2,62.73,138.38,106.78,54.39,235.7,39.42,46.36,77.33,97.87
2022-08-29,127.43,378.51,44.46,48.69,77.22,56.48,97.23,62.48,137.08,105.58,54.47,234.01,40.38,45.5,76.9,100.12
2022-08-30,126.03,380.37,44.45,49.04,76.98,55.74,95.81,61.85,134.41,104.52,54.67,235.0,38.68,44.86,76.11,96.31
2022-08-31,124.96,371.86,44.13,48.69,76.8,55.31,95.05,61.86,132.27,104.37,53.81,232.1,38.15,44.87,76.65,95.59
2022-09-01,129.06,371.62,44.77,48.55,77.16,55.51,95.06,61.97,129.92,104.56,53.52,232.33,36.85,45.53,76.58,93.87
2022-09-02,127.97,365.8,44.11,48.6,76.72,55.43,93.71,60.73,128.48,103.5,52.86,231.81,38.07,45.32,75.83,95.59
2022-09-06,128.31,362.77,43.04,49.65,75.3,55.33,93.6,60.0,126.67,103.4,52.46,228.38,37.36,46.08,76.28,94.95
2022-09-07,129.5,362.61,44.66,50.45,76.28,56.23,95.01,61.42,128.6,105.73,53.88,238.65,37.06,46.9,77.67,94.14
2022-09-08,127.85,362.0,44.25,51.71,75.63,56.67,94.57,60.95,128.85,107.45,54.27,240.78,38.17,47.16,76.37,94.91
2022-09-09,129.47,367.12,45.1,53.59,75.91,56.86,95.69,61.33,132.05,108.42,55.31,240.35,39.65,47.98,77.59,96.5
2022-09-12,130.48,364.44,45.52,55.84,76.15,57.45,96.25,61.9,133.0,109.8,55.47,242.97,40.15,47.8,78.26,97.61
2022-09-13,126.83,350.38,42.79,51.87,74.35,55.85,92.75,59.88,124.93,107.04,52.17,230.86,38.47,46.17,75.21,95.33
2022-09-14,127.06,340.28,42.57,51.94,74.42,55.37,92.94,60.24,127.53,107.25,50.91,225.85,40.24,45.67,73.98,97.67
2022-09-15,122.5,349.51,42.66,50.82,75.07,55.42,92.4,59.57,124.98,107.93,50.76,223.87,39.63,44.88,72.74,94.83
2022-09-16,120.91,342.97,42.0,50.42,75.25,53.96,93.29,60.3,124.95,106.85,48.65,221.56,38.37,44.64,72.82,93.21
2022-09-19,125.02,332.98,41.35,50.74,75.83,55.11,93.2,60.38,126.65,109.47,49.53,223.18,38.97,43.75,71.24,93.2
2022-09-20,122.69,332.35,39.9,50.77,75.41,53.8,93.11,59.75,124.77,108.4,48.08,218.83,38.5,42.3,69.56,92.44
2022-09-21,122.11,333.2,38.93,49.8,79.72,52.88,91.84,59.75,124.62,106.98,46.58,213.84,37.58,42.0,68.99,90.95
2022-09-22,120.15,320.14,38.3,48.74,80.78,51.82,90.68,59.8,123.68,105.42,45.63,208.05,38.23,42.01,68.25,90.57
2022-09-23,119.75,330.0,38.19,48.59,79.17,51.0,88.69,58.95,121.19,101.97,45.4,211.22,35.0,42.37,66.71,85.75
2022-09-26,117.95,324.74,38.13,48.29,78.66,49.67,88.39,58.35,119.74,100.74,44.31,209.0,33.86,40.9,65.77,83.98
2022-09-27,116.67,314.19,37.57,48.5,77.97,50.12,88.2,57.58,120.34,100.0,44.38,208.56,33.98,40.55,64.31,85.74
2022-09-28,119.82,321.18,38.61,49.97,78.79,50.92,88.93,58.14,118.93,100.97,45.38,213.07,35.44,41.7,65.42,88.86
2022-09-29,117.9,316.35,37.69,49.63,77.71,50.77,88.1,56.67,114.84,98.28,44.43,207.84,35.97,41.08,63.33,88.68
2022-09-30,116.58,310.2,36.81,49.13,76.61,49.84,87.47,54.83,112.98,98.82,44.51,204.75,35.9,41.71,64.32,87.31
2022-10-03,120.09,316.44,37.22,50.96,78.48,51.52,90.79,56.35,117.22,101.42,45.23,214.38,38.3,42.16,65.38,91.92
2022-10-04,124.42,330.61,38.67,52.68,78.5,53.19,93.36,57.53,122.37,107.52,46.5,219.51,39.12,42.39,64.38,95.27
2022-10-05,124.08,335.13,39.12,53.59,77.69,52.8,92.48,57.24,124.89,108.14,46.0,217.37,41.57,41.08,62.32,99.12
2022-10-06,123.5,324.22,38.89,53.74,74.97,52.15,91.63,56.01,125.28,108.22,45.17,216.77,42.49,39.79,59.76,102.06
2022-10-07,120.72,314.52,37.55,51.47,75.35,51.35,91.45,55.26,120.91,107.12,44.02,205.6,42.59,38.04,58.6,101.03
2022-10-10,120.62,309.67,37.56,51.23,76.41,51.43,91.89,55.62,114.6,107.35,44.83,205.8,42.13,37.84,57.37,98.84
2022-10-11,119.57,303.5,36.95,48.58,77.39,51.92,91.27,56.28,110.03,104.63,45.16,204.51,41.76,38.56,58.17,98.0
2022-10-12,117.37,301.76,37.13,48.21,77.36,51.48,89.46,56.83,108.64,103.31,44.98,201.51,42.02,38.16,57.91,98.43
2022-10-13,121.68,333.26,37.96,49.2,78.82,53.66,91.11,57.68,112.86,106.52,45.98,205.68,44.19,39.04,59.17,101.87
2022-10-14,119.58,317.34,37.08,48.13,77.71,53.0,88.71,56.94,109.95,100.59,45.85,201.7,42.16,37.65,57.84,99.19
2022-10-17,121.55,321.16,37.85,50.46,77.41,53.6,91.13,57.44,111.59,100.87,47.26,209.12,42.86,39.4,59.98,100.62
2022-10-18,123.41,328.9,38.5,51.56,78.27,54.61,93.73,58.35,111.21,102.76,47.64,212.63,43.36,39.99,60.67,100.8
2022-10-19,121.36,323.4,37.81,51.79,78.13,54.54,93.19,57.7,112.85,100.0,47.63,207.24,45.47,38.86,59.33,103.79
2022-10-20,119.1,319.5,37.62,51.59,76.67,53.64,93.35,56.91,111.98,98.06,45.93,201.22,45.69,38.89,58.98,103.93
2022-10-21,124.85,321.56,38.41,53.75,77.04,55.5,95.39,57.35,115.74,100.99,46.86,207.82,50.41,39.2,57.88,105.86
2022-10-24,126.15,323.16,38.68,54.9,77.62,55.85,96.08,58.74,116.38,102.2,47.13,212.53,52.15,39.02,57.51,106.6
2022-10-25,127.29,328.88,38.97,55.92,78.3,55.76,97.31,59.31,119.17,104.78,47.62,220.2,52.47,40.57,60.36,105.88
2022-10-26,127.56,322.02,39.57,55.49,78.36,55.97,97.51,59.9,118.11,106.92,46.89,220.88,52.18,39.53,60.4,107.14
2022-10-27,128.03,331.5,39.85,56.01,79.87,56.36,99.15,60.31,114.7,113.96,47.13,221.85,51.68,39.27,59.94,107.55
2022-10-28,131.89,334.8,40.32,57.1,81.57,57.99,101.74,61.7,119.21,119.24,47.76,226.23,50.45,39.58,61.5,110.7
2022-10-31,130.69,332.24,39.84,57.16,81.58,57.02,101.59,61.48,117.66,118.14,47.62,225.03,52.03,39.76,61.04,110.81
2022-11-01,132.7,333.44,39.81,56.42,80.29,56.49,103.55,61.87,117.33,117.81,44.42,224.78,51.55,39.84,60.1,111.91
2022-11-02,130.78,339.03,38.06,53.23,79.81,55.51,104.36,62.58,112.5,117.38,42.42,215.73,51.14,38.84,58.86,109.61
2022-11-03,130.3,352.07,38.82,45.93,78.91,55.22,106.68,62.0,103.88,118.02,41.41,217.19,51.8,38.58,58.4,111.1
2022-11-04,133.06,359.65,40.07,47.1,79.06,55.47,105.76,63.22,106.69,120.44,43.46,216.23,53.1,38.44,60.95,112.31
2022-11-07,134.41,347.93,40.58,47.86,79.19,55.6,107.83,64.39,110.09,121.5,44.62,221.37,54.81,37.79,61.46,113.64
2022-11-08,131.86,337.49,41.6,50.6,79.56,55.65,108.63,63.92,112.54,123.05,46.06,225.42,54.69,37.61,66.51,114.0
2022-11-09,130.21,338.54,40.57,49.88,80.34,54.46,106.81,63.39,110.43,121.52,46.11,222.0,53.07,37.56,66.5,108.9
2022-11-10,137.35,357.82,44.66,54.39,79.58,56.59,107.23,64.98,120.68,123.98,49.47,239.0,53.1,40.69,70.06,110.5
2022-11-11,140.94,366.52,46.51,56.13,77.25,55.97,103.38,64.8,121.43,123.4,50.52,237.24,54.82,40.11,71.58,113.95
2022-11-14,141.26,370.23,45.91,55.52,76.97,55.49,104.17,64.1,120.8,121.84,50.03,234.08,54.07,39.34,70.29,113.37
2022-11-15,142.16,366.74,47.02,56.2,77.44,55.58,104.69,64.65,126.02,122.86,50.05,240.59,54.67,39.77,69.91,114.13
2022-11-16,141.33,364.47,45.49,54.69,79.06,55.63,106.01,65.0,120.73,120.53,50.4,240.81,52.99,39.65,68.2,112.91
2022-11-17,138.98,366.73,45.47,54.14,79.77,56.03,105.25,64.45,122.86,119.56,50.44,237.11,52.83,39.45,66.72,113.06
2022-11-18,139.47,367.89,45.68,52.15,81.03,56.62,106.3,64.99,123.85,121.59,51.14,240.04,53.44,40.2,67.78,112.08
2022-11-21,140.31,377.83,44.73,52.32,81.98,56.81,107.68,65.85,120.2,123.05,51.16,239.26,52.27,40.31,68.18,110.97
2022-11-22,142.15,376.07,45.13,52.28,82.17,57.1,107.47,66.31,123.65,123.52,52.13,243.45,53.64,40.42,68.85,114.18
2022-11-23,142.76,391.74,45.23,53.35,82.78,57.31,107.53,66.67,125.15,120.37,52.08,250.0,51.42,40.12,69.35,113.61
2022-11-25,142.99,389.06,45.04,52.91,82.97,57.41,108.89,66.69,123.45,119.56,52.31,249.52,50.83,40.73,69.53,113.21
2022-11-28,139.33,382.29,44.33,52.08,82.93,56.77,108.11,66.15,119.54,115.85,51.57,245.56,49.88,39.92,66.64,109.81
2022-11-29,139.37,383.06,43.77,51.59,82.84,57.78,108.5,66.05,118.38,115.37,52.03,241.57,51.05,40.75,69.2,110.54
2022-11-30,141.95,388.73,45.44,53.16,85.3,58.15,109.33,67.61,126.49,116.9,53.23,249.18,51.55,41.47,71.03,111.34
2022-12-01,142.49,385.58,45.16,55.38,85.42,58.04,109.62,68.09,126.81,117.41,52.81,251.61,51.76,40.88,70.99,110.8
2022-12-02,143.49,382.76,45.2,53.61,86.52,57.67,110.49,68.31,125.66,119.16,53.51,257.75,52.79,41.0,71.08,109.86
2022-12-05,141.01,381.26,43.94,51.67,86.3,56.33,109.65,67.43,123.3,116.17,53.29,253.59,51.38,40.25,70.19,106.85
2022-12-06,139.77,369.36,43.35,50.85,85.38,57.12,109.49,67.29,119.78,116.07,52.76,253.46,50.88,39.55,68.2,103.88
2022-12-07,138.35,372.14,43.16,51.6,87.22,56.24,108.5,68.03,118.21,113.91,52.39,251.12,49.8,39.41,65.0,103.65
2022-12-08,137.26,374.94,43.88,52.91,87.55,56.38,109.08,67.59,121.75,113.66,51.66,254.45,49.92,40.15,65.7,104.42
2022-12-09,137.29,362.65,43.64,52.13,85.84,56.48,106.85,67.06,119.05,113.46,50.78,252.88,46.97,39.89,66.67,103.54
2022-12-12,140.3,363.35,43.72,53.64,86.84,56.69,107.78,67.38,121.21,114.58,52.26,253.88,49.1,40.3,65.73,106.09
2022-12-13,142.59,361.87,43.72,54.71,86.97,56.75,106.54,67.6,123.49,111.52,52.55,258.86,51.05,40.89,66.26,107.25
2022-12-14,140.7,366.74,43.75,54.27,87.33,56.25,106.8,67.26,121.71,110.28,52.61,248.68,50.43,40.58,67.35,106.46
2022-12-15,134.68,356.99,42.29,52.17,86.95,55.91,105.28,66.39,116.64,107.86,51.21,244.19,50.11,40.37,67.12,105.44
2022-12-16,133.48,357.23,41.0,51.92,86.93,55.8,104.79,66.16,114.53,106.75,50.37,240.47,49.38,39.12,64.32,104.7
2022-12-19,132.38,356.33,41.34,49.98,87.12,54.95,104.45,65.7,112.61,105.15,49.99,238.11,49.83,38.45,63.7,105.17
2022-12-20,133.25,353.73,40.97,50.47,83.13,55.78,104.42,65.85,112.1,105.6,49.9,238.58,51.76,38.01,63.55,106.69
2022-12-21,134.85,358.33,41.28,50.01,85.36,57.42,105.83,66.89,114.59,106.74,50.28,242.21,53.31,38.27,63.97,108.06
2022-12-22,133.73,352.21,40.12,49.15,85.17,57.19,104.78,66.73,110.68,106.09,49.47,241.3,51.39,38.42,64.53,105.88
2022-12-23,134.72,353.02,40.17,48.73,85.41,57.85,105.17,67.1,110.84,107.35,49.96,242.67,52.99,38.75,65.07,108.68
2022-12-27,135.88,354.4,40.08,48.55,85.94,58.6,105.91,67.49,109.46,106.54,50.06,239.42,53.5,38.52,65.94,110.19
2022-12-28,133.28,344.41,39.92,47.86,84.76,57.88,104.13,66.83,106.97,106.26,48.99,237.48,52.6,37.94,64.84,108.38
2022-12-29,136.34,349.8,41.82,49.21,84.38,58.67,105.03,66.97,109.84,107.99,50.1,241.32,52.91,38.91,65.83,109.2
2022-12-30,135.41,346.4,41.47,48.89,83.85,58.33,105.19,66.65,109.94,106.85,49.88,237.33,53.46,38.73,65.55,110.3
2023-01-03,135.07,339.27,42.15,48.52,83.22,58.59,104.71,66.25,107.2,106.11,50.27,239.37,51.5,38.59,66.95,106.51
2023-01-04,136.17,344.39,43.09,48.3,83.89,59.27,104.37,66.73,111.53,105.54,51.07,244.18,51.7,39.25,68.84,106.82
2023-01-05,134.42,338.83,43.1,47.45,84.41,59.21,104.01,66.19,109.4,107.25,50.04,227.75,52.67,37.63,67.39,109.21
2023-01-06,139.42,342.62,45.11,48.69,85.96,60.47,104.95,68.02,115.34,110.18,52.47,235.8,54.5,38.7,69.78,110.53
2023-01-09,138.91,333.88,43.52,49.41,84.68,58.97,100.33,67.24,114.61,110.67,52.83,236.01,55.64,38.47,69.27,108.47
2023-01-10,139.3,339.73,45.09,48.42,84.05,59.04,99.98,67.31,116.91,110.97,53.94,234.1,55.96,38.59,68.99,110.09
2023-01-11,141.93,349.85,46.61,48.8,83.95,59.83,99.63,67.57,118.39,111.8,53.97,243.76,56.32,40.27,71.83,111.37
2023-01-12,142.9,337.62,46.43,48.4,82.53,59.88,98.71,66.76,121.59,113.83,54.63,243.74,58.0,40.46,72.1,113.22
2023-01-13,144.39,337.44,46.26,48.87,82.51,60.22,98.35,67.06,120.24,115.55,54.48,245.88,58.28,40.15,71.15,113.15
2023-01-17,144.31,344.19,46.77,50.1,81.86,59.35,97.84,67.02,120.28,117.01,53.95,247.8,58.46,40.47,71.71,112.93
2023-01-18,140.52,346.48,45.98,48.38,78.41,58.47,95.54,64.57,122.04,114.42,54.07,244.27,57.13,40.0,71.65,110.61
2023-01-19,135.88,348.85,45.54,48.42,77.45,58.07,94.57,63.84,117.58,112.44,53.38,234.34,57.38,39.61,71.65,111.32
2023-01-20,139.34,348.04,46.66,49.27,77.46,58.96,96.06,64.04,122.9,113.68,53.87,245.31,57.35,39.98,72.83,113.35
2023-01-23,141.72,345.45,47.66,50.51,77.4,59.58,96.37,64.36,131.03,116.21,53.79,246.04,55.86,39.93,74.28,112.76
2023-01-24,143.21,339.34,46.69,51.09,77.01,60.23,97.3,64.84,130.7,117.0,52.4,249.36,55.47,40.63,74.88,113.81
2023-01-25,141.85,350.64,48.93,51.76,77.87,60.59,98.15,65.0,131.17,118.11,51.68,247.09,56.25,40.6,73.86,113.21
2023-01-26,143.5,354.04,49.16,53.21,76.8,61.15,97.78,64.52,133.96,113.38,52.61,225.06,57.47,41.03,74.18,117.76
2023-01-27,144.98,355.17,49.0,52.7,77.89,60.99,96.49,64.72,133.4,111.77,53.56,228.54,56.97,41.97,75.19,115.61
2023-01-30,143.31,348.49,48.89,51.05,78.21,60.42,97.31,64.84,131.63,111.75,52.97,230.88,56.34,41.36,74.52,113.56
2023-01-31,151.83,353.0,49.5,52.34,78.36,61.48,98.84,65.44,133.21,112.77,54.76,236.59,56.98,42.59,75.04,116.01
2023-02-01,156.6,359.79,50.4,53.09,77.99,60.54,97.83,66.73,138.46,112.1,54.78,243.22,55.7,42.83,74.88,114.74
2023-02-02,159.12,360.47,51.66,53.845,75.9,60.18,97.93,66.66,135.85,108.83,56.22,245.35,52.29,44.41,76.27,111.15
2023-02-03,159.61,359.62,50.66,53.0,75.48,60.1,98.06,65.91,135.02,111.87,55.02,241.73,52.64,43.38,75.82,111.92
2023-02-06,156.46,355.98,49.98,51.99,77.18,61.44,98.34,66.17,132.93,112.27,53.93,243.03,53.09,42.69,74.52,111.73
2023-02-07,156.47,357.2,50.17,53.78,76.31,62.75,99.0,65.08,136.63,113.92,54.08,238.44,53.89,43.87,74.92,114.92
2023-02-08,154.15,353.59,49.16,59.64,75.74,62.06,98.96,64.79,132.17,113.36,53.55,235.51,54.71,44.76,75.0,113.92
2023-02-09,153.15,354.97,48.39,57.82,75.22,61.75,97.95,64.29,130.53,110.99,50.04,231.51,53.84,43.92,73.99,114.35
2023-02-10,153.25,354.06,48.08,59.61,76.09,62.17,100.82,65.5,128.99,111.32,49.3,230.49,56.36,44.09,75.28,119.17
2023-02-13,155.7,355.05,48.93,60.15,76.6,62.57,100.71,66.27,130.84,113.42,50.62,233.08,57.31,44.46,75.89,117.8
2023-02-14,155.7,347.58,48.8,61.19,75.35,61.78,95.25,65.66,132.34,114.24,50.83,231.95,56.82,44.65,75.75,116.42
2023-02-15,156.51,360.1,49.65,62.81,75.11,62.15,97.94,65.69,133.07,113.87,50.69,232.65,55.99,45.02,75.72,116.07
2023-02-16,154.94,356.83,48.66,61.39,75.11,61.66,99.43,65.68,130.16,114.02,49.87,227.13,55.78,44.97,78.05,115.73
2023-02-17,155.36,357.36,48.24,60.64,76.77,61.51,101.24,66.85,127.72,112.17,50.26,227.98,53.34,44.75,77.4,111.28
2023-02-21,148.53,350.23,47.89,59.71,80.16,60.78,100.01,66.6,123.7,110.31,48.55,223.22,53.4,43.85,76.82,111.17
2023-02-22,148.7,348.46,47.85,60.21,80.28,60.64,100.14,66.23,123.95,109.52,49.08,222.63,52.41,44.08,75.62,109.73
2023-02-23,148.92,307.86,45.35,60.58,80.3,60.7,99.57,66.07,126.2,107.25,49.4,223.05,53.32,44.2,76.17,110.74
2023-02-24,148.4,297.47,45.07,58.86,80.64,61.08,99.28,65.55,124.34,107.77,49.06,221.08,53.92,43.63,74.87,110.75
2023-02-27,150.0,295.63,45.8,59.62,80.98,60.9,97.49,65.64,123.42,107.63,49.5,221.94,54.4,43.06,74.27,110.55
2023-02-28,149.9,294.01,45.9,59.44,79.51,61.09,97.07,65.18,123.53,108.46,48.62,221.35,53.21,42.84,74.12,109.91
2023-03-01,150.12,301.73,45.75,58.44,78.85,61.25,96.66,64.19,123.68,106.82,48.92,219.01,54.89,41.65,73.09,110.89
2023-03-02,151.4,305.32,45.58,59.64,78.95,61.44,96.95,65.36,123.78,106.6,48.73,224.02,55.3,42.11,74.35,111.4
2023-03-03,154.65,304.76,46.04,60.84,79.6,61.76,97.3,65.71,123.6,107.94,49.12,228.34,55.99,42.98,75.31,112.81
2023-03-06,154.32,316.32,44.75,61.31,79.11,61.33,96.95,65.68,122.41,107.06,48.17,224.47,55.35,42.88,75.19,113.81
2023-03-07,152.81,310.85,43.98,60.37,79.04,59.73,96.52,64.81,119.19,105.53,47.29,220.5,54.04,41.82,73.97,111.61
2023-03-08,152.47,312.13,44.26,61.79,79.17,58.85,94.06,65.09,121.2,106.53,47.57,220.03,53.54,42.09,74.72,109.98
2023-03-09,150.16,309.12,42.95,59.95,78.64,58.17,92.74,64.76,117.22,100.12,47.16,217.19,52.19,41.25,72.45,109.13
2023-03-10,145.8,300.16,42.04,58.76,78.52,57.35,92.5,64.9,115.19,94.85,45.27,214.1,51.0,39.92,67.83,107.78
2023-03-13,143.45,302.59,41.09,59.27,79.79,55.54,92.23,65.54,114.43,89.31,44.96,213.6,48.84,40.26,69.21,106.54
2023-03-14,145.66,307.1,41.16,60.89,80.16,56.28,93.27,66.29,116.55,92.32,45.32,216.99,49.36,40.64,71.56,106.94
2023-03-15,140.33,312.6,40.81,60.39,80.95,54.31,92.31,66.4,115.49,87.16,44.77,216.55,45.32,40.56,71.25,101.62
2023-03-16,140.76,313.94,41.45,61.88,80.47,55.87,92.52,66.94,120.51,89.46,44.77,220.35,46.18,39.95,70.85,101.03
2023-03-17,136.57,310.67,42.06,61.22,79.79,53.59,90.46,66.4,120.73,88.02,44.1,217.32,44.68,38.91,68.75,99.84
2023-03-20,140.14,317.18,43.04,61.54,80.65,55.26,91.58,67.73,121.82,91.88,44.69,219.55,46.22,39.4,69.13,102.45
2023-03-21,142.21,317.64,43.75,62.46,80.75,56.02,92.64,67.83,123.8,95.13,44.97,220.8,48.28,39.23,69.39,107.04
2023-03-22,140.54,312.28,42.86,61.21,79.87,54.44,91.31,67.36,121.97,91.74,43.42,211.34,47.4,38.18,66.17,104.59
2023-03-23,140.53,315.43,42.45,63.25,82.15,53.78,90.28,67.2,124.15,91.31,42.69,209.06,45.48,37.84,65.76,103.41
2023-03-24,141.44,311.51,42.66,62.99,84.8,54.56,91.38,69.04,124.76,89.09,42.8,211.28,44.57,38.7,67.48,103.53
2023-03-27,142.77,322.22,42.6,63.98,84.88,55.62,91.38,69.16,123.6,92.62,43.42,213.93,46.77,38.5,67.88,105.8
2023-03-28,144.33,324.23,42.87,64.27,84.77,55.88,91.1,69.59,121.34,91.74,43.66,211.72,47.64,38.37,68.77,107.12
2023-03-29,146.96,327.58,43.63,64.81,85.03,56.9,91.44,70.37,125.09,93.37,44.25,215.32,48.7,39.39,69.96,108.96
2023-03-30,148.15,327.65,43.91,65.81,84.96,57.3,91.59,69.58,127.4,92.19,44.4,217.02,48.74,39.88,70.95,109.49
2023-03-31,151.94,329.87,44.355,66.45,85.46,58.02,92.06,69.72,127.57,93.27,45.91,224.77,49.1,41.06,71.69,109.66
2023-04-03,150.52,332.52,44.28,66.31,85.92,57.59,93.2,70.22,124.74,92.1,45.87,226.64,52.33,40.91,71.73,116.13
